Num,Category,Title,Author,Year,Tom,Quantity,Publisher,Notes
1,Філософія,Стоїцизм на кожен день,"Раян Голідей, Стівен Генсільман",2023,1,,Наш формат,
2,Філософія,Філософія,"Марія Фюрст, Юрген Тринкс",2018,1,,ДУХ І ЛІТЕРА,
3,Філософія,Європейський словник філософії,під керівництвом Барбари Кассен та Констянтина Сігова,2016,4,,ДУХ І ЛІТЕРА,
4,Філософія,Що таке почуття?,Оскар Бреніф'є,2019,1,,ДУХ І ЛІТЕРА,
5,Філософія,Що таке взаємини?,Оскар Бреніф'є,2019,2,,ДУХ І ЛІТЕРА,
6,Філософія,Що таке щастя?,Оскар Бреніф'є,2019,1,3,ДУХ І ЛІТЕРА,
7,Філософія,Проти демократії,Бреннан Джейсон,2020,1,,ДУХ І ЛІТЕРА,
8,Філософія,Книга спасіння. Логіка. Фізика. Метафізика,Ібн Сіна,2020,1,,Темпора,
9,Філософія,Втеча від свободи,Еріх Фромм,2022,1,,КСД,
10,Філософія,Критика цінічного розуму,Петер Слотердайк,2002,1,,Тандем,
11,Філософія,Ханна Арендт або Любов до світу,Алоїз Принц,2016,1,,Темпора,
12,Філософія,Трактат атеології. Фізика метафізики,Мішель Онфре,2010,1,,Ніка-центр,
13,Філософія,Паризький сплін,Шарль Бодлер,2017,1,,Комубук,
14,Філософія,Корабель шаленців,тарас лютий,2017,1,,Видавництво Старого Лева,З підписом автора
15,Філософія,Чарунки долі,Вахтанг Кебуладзе,2016,1,3,Видавництво Старого Лева,
16,Філософія,Григорій Сковорода. Найкраще,Григорій Сковорода,2019,1,,Terra Incognita,
17,Нон-фікшн,Почни з чому,Саймон Сінек,2015,1,,Основи,
18,Нон-фікшн,"Ігри, у які грають люди",Ерік Берн,2016,1,,Глобус,
19,Нон-фікшн,Витончене мистецтво забивати на все,Марк Менсон,2018,1,,Наш формат,
20,Нон-фікшн,Mastering Change The power of Mutual Trust and Respect,Ichak Adizes,1992,1,,Adizes Institute Publications,
21,Нон-фікшн,Чорний лебідь. Про (не)ймовірне у реальному житті,Насім Ніколас Талеб,2017,1,,Наш формат,
22,Нон-фікшн,Визволення тварин,Пітер Сінгер,2019,1,,Pabulum,
23,Нон-фікшн,Як читати класиків,Ростислав Семків,2018,1,,Pabulum,
24,Нон-фікшн,Новини пласкої землі,Нік Дейвіс,2011,1,,Темпора,
25,Нон-фікшн,Не сподівайтеся позбутися книжок,"Умберто Еко, Жан-Клод Кар'єр",2015,1,,Видавництво Старого Лева,
26,Нон-фікшн,"Зовсім не страшна книга про життя, смерть і все, що поміж ними",Анастасія Леухіна,2020,1,,ДУХ І ЛІТЕРА,
27,Нон-фікшн,Living History Hillary Rodham Clinton,Hilary Clinton,2003,1,,Rockfeller Center,
28,Нон-фікшн,theUkrainians: Історії Успіху,"Т. Прокопишин, В. Бєглов, І. Березніцька",2015,1,,Видавництво Старого Лева,З підписом автора
29,Нон-фікшн,Сем Філліпс: винахідних рок-н-ролу,Пітер Геральнік,2019,1,,КМБУКС,
30,Нон-фікшн,"Буде тобі наука: українські вчені, які змінюють світ",Юрій Марченко,2019,1,,Основи,
31,Наука,Дивовижні пригоди всередині тіла,Гевін Френсіс,2017,1,,КСД,
32,Наука,Мораль без релігії. В пошуках людського у приматів,де Вааль Франс,2018,1,,КСД,
33,Наука,Фізика майбутнього,Мічіо Кайку,2013,1,,Літопис,
34,Наука,Місія - космос,Леонід Каденюк,2017,1,,АДЕФ-Україна,З підписом автора
35,Наука,Space. The universe&Everything,"""Третя Планета""",,1,,,Ко-авторка: наша викладачка
36,Наука,Таємниче життя дерев,Петер Воллебен,2017,1,,КСД,
37,Наука,Слідуй за розбитим черепом,Леонід Горобець,2021,1,,Віхола,Автор: наш викладач
38,Економіка,Freakonomics,Steven D. Levitt&Stephen J.Dubner,2009,1,,Penguin Books,
39,Економіка,ЕКономіка бідності. Як звільнити світ від злиднів,Абхіджіт Банерджі. Естер Дуфло,2018,1,,Наш формат,
40,Економіка,Загадка капіталу. Чому капіталізм перемагає на Заході і ніди більше,Ернандо де Сото,2017,1,,Наш формат,
41,Економіка,Гола економіка. Відкриття нудної науки,Вілан Чарльз,2018,1,,,
42,Бізнес,Про управління персоналом. 10 найкращих статей з Harvard Business Review,Harvard Business School,2018,1,,КМ-БУКС,
43,Бізнес,Сьома сила. Подорож одного генерального дмректора у світ спільного лідерства,Кевін Генкок,2020,1,,Основи,
44,Бізнес,Rework. Ця книжка змінить Ваш погляд на бізнес,Джейсон Фрайд та Девід Хайнемайєр Хенссон,2016,1,,КСД,
45,Бізнес,What the dog saw and other adventures,Malcolm Gladwell,2009,1,,Hachette Book Group,
46,Бізнес,The Pursuit of Prime,Ichak Adizes,2006,1,,The Adizes Institute Publishing,
47,Бізнес,Losing my virginity. The autobiography,Richard Branson,2001,1,,Virgin Publishing LTD,
48,Бізнес,Management/Mismanagement. Styles,Ichak Kalderon,2004,1,,The Adizes Institute Publishing,
49,Бізнес,The ideal executive,Ichak Kalderon,2004,1,,The Adizes Institute Publishing,
50,Бізнес,Leading the leaders,Ichak Kalderon,2004,1,,The Adizes Institute Publishing,
51,Бізнес,Winning,Jack Welch with Suzy Welch,2005,1,,HarperCollins,
52,Бізнес,Managing. Corporate Lifecycles,Ichak Adizes,2004,1,,The Adizes Institute Publishing,
53,Бізнес,How to solve the mismanagement crisis,Ichak Adizes,2001,1,,Dow Jones Irvin,
54,Бізнес,Straight from the gut,Jack Welch with John A. Byrne,2001,1,,Time Watner Trade Publishing,
55,Мистецтво,Думай як митець,Вілл Гомперц,2018,1,,ArtHuss,
56,Мистецтво,Митці у трьох актах,Сара Торнтон,2018,1,,ArtHuss,
57,Мистецтво,Галерея пройдисвітів. Історія мистецтва і арт-дилерів,Філіп Гук,2019,1,,ArtHuss,
58,Мистецтво,Як розмовляти з дітьми про мистецтво,Франсуаза Барб-Галль,2014,1,,Видавництво Старого Лева,
59,Мистецтво,Творча впевненість. Як розкрити свій потенціал,Том Келлі та Девід Келлі,2020,1,,Основи,
61,Мистецтво,Малевич. Автобіографічні записки 1918-1933,упоряд. Анастасія Білоусова,2017,1,,родовід,
62,Мистецтво,Ukrainian Railroad Ladies,Sasha Maslov,2020,1,,Основи,
63,Мистецтво,Кураторський посібник,"за ред. О. Погребняк, Д. Чепурного, К. Яковленко",2020,1,3,ІЗОЛЯЦІЯ,3 копії примірників
64,Мистецтво,Керамічний код Івана Левинського в естетичному вимірі українця кінця ХІХ - початку ХХ ст.,за ред. А. Клімашевського,2020,1,,УКФ,
65,Мистецтво,Харківський Художній музей,автор-упорядник М. П. Работягов,1983,1,,Мистецтво,
66,Мистецтво,Orthodox Chic,Alex Bykov&Oleksandr Burlaka&Sasha Kurmaz,2020,1,,Osnovy Publishing,
67,Мистецтво,The art of Ukrainian Sixties,"Editors: Olga Balashova, Lizaveta German",2021,1,,Osnovy Publishing,
68,Мистецтво,Saliut (1 примірник),"Editors: Nadiia Chervinska, Olena Podoroznhia, Conal Campbell",,1,,УКФ,1 примірник
69,Мистецтво,Saliut (2 примірник),"Editors: Nadiia Chervinska, Olena Podoroznhia, Conal Campbell",,1,,УКФ,2 примірник (обидва примірники відрізняються між собою)
70,Мистецтво,Державний музей образотворчого мистецтва УРСР,"Автори-упорядники: В. Ф. Яценко, І.О. Горбачова, Л.С, Ковальська",1985,1,,Мистецтво,
71,Мистецтво,Kandinsky 30 postcards,Kandinsky,1994,1,,Taschen,
72,Мистецтво,Van Gogh Sämtliche Gemälde,Ingo F. Walther. Rainer Metzger,2006,1,,Taschen,
73,Мистецтво,Dali,Gilles Neret,2004,1,,Taschen,
74,Мистецтво,Hugo Simberg. Ateneum,Marja Lahelma,2017,1,,Finish National Gallery,
75,Мистецтво,Caravaggio,Gilles Lambert,2017,1,,Taschen,
76,Мистецтво,Hand serie 2,Anne de Vandiere,2008,1,,Baccarat,
77,Мистецтво,Західноєвропейський живопис 14-18 століть,"Л. М. Сак, О. К. Школяренко",1986,1,,Мистецтво,
78,Мистецтво,Black ladies,Uwe Ommer,2011,1,,Taschen,
79,Мистецтво,Музей західного та східного мистецтва в Києві,"упорядники: Л.Ю.Бабенцова, З.П.Рябікіна",1983,1,,Мистецтво,
80,Мистецтво,Die National Gallery London,Peter H. Feist,1972,1,,Seeman,
81,Мистецтво,Watteau,Ion Herdan,1985,1,,Modest Morariu,
82,Укрліт,Старі люди,Софія Андрухович,2009,1,,Лілея-НВ,
83,Укрліт,Перверзія,Юрій Андрухович,2004,1,,ВНТЛ-Класика,
84,Укрліт,Дванадцять обручів,Юрій Андрухович,2003,1,,"Часопис ""Критика""",
85,Укрліт,Щасливі голі люди,Катерина Бабкіна,2016,1,,Міжнародна Літературна Корпорація,з підписом авторки
86,Укрліт,Мій дід танцював краще за всіх,Катерина Бабкіна,2019,1,3,КОМОРА,з підписом авторки
87,Укрліт,Знеболювальне і снодійне,Катерина Бабкіна,2014,1,,ФОЛІО,з підписом авторки
88,Укрліт,Світ не створений,Мирослав Лаюк,2018,1,,Видавництво Старого Лева,
89,Укрліт,І знов я влізаю в танк...,Оксана Забужко,2016,1,,КОМОРА,
90,Укрліт,записки українського самашедшого,Ліна Костенко,2015,1,,А-БА-БА-ГА-ЛА-МА-ГА,
91,Укрліт,Танго смерті,Юрій Винничук,2018,1,,ФОЛІО,
92,Укрліт,Сорокоуст,Сергій Рафальський,2022,1,,Смолоскип,з підписом автора
93,Укрліт,Пальці між піском,Степан Процюк,2021,1,,Наш Формат,
94,Поезія,Антологія української поезії ХХ ст. від Тичини до Жадан,упорядник Іван Малкович,2018,1,,А-БА-БА-ГА-ЛА-МА-ГА,
95,Поезія,Вечір. Зламана Віть,Василь Стус,1999,1,,ДУХ І ЛІТЕРА,
96,Поезія,Вибрані твори,Михайль Семенко,2010,1,,Смолоскип,"із серії ""Розстріляне Відродження"""
97,Поезія,П'ятикнижжя,Грицько Чубай,2013,1,,Видавництво Старого Лева,
98,Поезія,Три перстені,Богдан Ігор Антонич,2008,1,,Літопис,
99,Поезія,Іван Котляревський. Твори в 2 томах,Іван Котляревський,1969,1,,Дінпро,2 томи в коробочці
100,Поезія,Гайдамаки,,,1,,,3 томи в коробочці
101,Поезія,Антологія молодої поезії США,упорядник Тарас Малкович,2016,1,,А-БА-БА-ГА-ЛА-МА-ГА,з підписом нашому викладачу Андрію Кобалії
102,Поезія,Songs of Innocence and Songs of Experience,William Blake,1992,1,,Library of Congress,
103,Поезія,Атта Троль. Сон літньої ночі (переклад Лесі Українки),Генріх Гейне,2019,1,,Кондор,
104,Поезія,Внутрішній простір,Анрі Мішо,2001,1,,Юніверс Київ,
105,Поезія,Вітязь в тигровій шкурі (в оригіналі),Шота Руставелі,2013,1,,АДЕФ-Україна,
106,Українськість,Перемагати українською. Про мову ненависті й любові,Ольга Дубчак,2022,1,,Віхола,
107,Українськість,Чути українською. У світі звукі [y] і букв,Ольга Дубчак,2022,1,,Віхола,
108,Українськість,Бачити українською. Слово в мовній картині світу,Ольга Дубчак,2022,1,,Віхола,
109,Українськість,Українська рима в системі мови і в мовній практиці,Л.В. Мовчан,2020,1,,Інститут української мови НАН України,
110,Українськість,Українська мова без табу. Словник нецензурної лексики та її відповідників,Леся Ставицька,2008,1,,Критика,
111,Українськість,"PROМова, або Де ми помиляємося...",Керівник проекту: Демська-Кульчицька Орися Мар'янівна,2006,1,,Стандарт,
112,Українськість,Українська абетка. Малюнки Георгія Нарбута,упорядник О.О. Савчук,2020,1,,ФОП Савчук О.О.,
113,Українськість,За лаштунками імперії,Віра Агєєва,2022,1,,Віхола,
114,Українськість,Українські народні казки,,1987,1,,Дніпро,
115,Українськість,Післячорнобильська бібліотека. Український літературний постмодернізм,Тамара Гундорова,2013,1,,Критика,
116,Українськість,Що таке українська література,Леонід Ушкалов,2015,1,,Видавництво Старого Лева,
117,Українськість,Сподвижники: Леся Українка у колі соціал-демократів,Алла Диба,2003,1,,Основні цінності,"Серія ""Спадщина"""
118,Українськість,Леся Українка. Листи 1876-1897,Валентина Савчук (упорядниця),2020,1,,Комора,
119,Античність,"Метаморфози, або Золотий Осел",Апулей,2017,1,,Фоліо,
120,Античність,Аннали. З часу відходу божественного Августа,Корнелій Таціт,2013,1,,Український письменник,
121,Античність,Метаморфози,"Публій,Овідій, Назон",1985,1,,Дніпро,
122,Античність,"Метаморфози, або Золотий Осел",Апулей,1982,1,,Дніпро,
123,Античність,Про природу речей,Тіт Лукрецій Кар,1988,1,,Дніпро,
124,Античність,Гесіод. Походження Богів. Роботи і дні. Щит Геракла,Гесіод,2018,1,,Апріорі,
125,Античність,Міфи Давньої Греції,Катерина Гловацька,1991,1,,Веселка,
126,Античність,Легенди і міфи стародавньої Греції,М. А. Кун,1996,1,,Мистецтво,
127,Античність,Міфи Давньої Греції,Катерина Гловацька,1977,1,,Веселка,
128,Античність,Одіссея,Гомер,1968,1,,Жовтень,
129,Античність,Есхілл. Трагедії,Есхілл,1990,1,,ДНІПРО,
130,Античність,Софокл. Трагедії,Софокл,,1,,,
131,Античність,Порівняльні життєписи,Плутарх,1991,1,,Дніпро,
132,Античність,Apollonius of Rhodes,Jason and Medea,2015,1,,Penguin Books,
133,Античність,Антична література: Навчальний посібник,Підлісна Г.Н.,1992,1,, ,
134,Античність,Антична література: довідник,,1993,1,,Либідь,
135,Освіта,Підготовка до тестування з української мови для старшокласників та абітурієнтів,О. В. Коваленко,2014,1,,Мова,
136,Освіта,Універсальний словник-енциклопедія,кер. проекту Олександра Коваль,1999,1,,Ірина,
137,Освіта,Підготовка до тестування з української мови для старшокласників та абітурієнтів,О. В. Коваленко,2014,1,,Мова,
138,Освіта,"Health, Population and Environment Education",Ram Kumar Rai,,1,2,Publisher 2074,
139,Освіта,Dictionary of Contemporary English,Longman,1990,1,,Pearson Education,
140,Освіта,Social Studies and Population Education,"Ganesh Dhakal, Matrika Pd. Lamsal",2020,1,2,Readmore,
141,Освіта,Історія України. Програма ЗНО,Гісем О.В.,2018,1,,Абетка,
142,Освіта,EDUSHIFTS. The future of education is now,"Philippe Greier, Tathyana Gouvea",,1,2,EDUSHFTS,
143,Освіта,Sri Aurobindo and the mother of education,Sri Aurobindo Ashram,2016,1,,Publication Department,
144,Освіта,Технології розвитку критичного мислення учнів,"Алан Кроуфорд, Е. Венди Саул, С. Метьоюз, Д. Макінстер",,1,,,
145,Освіта,Прихована історія американської освіти,Джон Тейлор Гатто,2016,1,2,ДІОР-К,
146,Укрліт,Подорож ученого доктора Леонардо і його майбутньої коханки прекрасної Альчести у Слобожанську Швайцарію. Як будується оповідання. Поезії,Майк Йогансен,2023,1,2,Віхола,
147,Освіта,Як виховати дорослого. Зламайте батьківські стереотипи та підготуйте свою дитину до успіху,Джулі Літкотт-Гаймс,2016,1,2,НФ,
148,Химерія,"Лев, біла відьма і шафа",К. С. Льюїс,2017,1,,КМ-БУКС,
149,Химерія,Гаррі Поттер і Напівкровний принц,Дж. К. Ролінг,2005,1,,А-БА-БА-ГА-ЛА-МА-ГА,
150,Химерія,Гаррі Поттер і Келих Вогню,Дж. К. Ролінг,2003,1,2,А-БА-БА-ГА-ЛА-МА-ГА,
151,Химерія,Гаррі Поттер і Смертельні реліквії,Дж. К. Ролінг,2007,1,3,А-БА-БА-ГА-ЛА-МА-ГА,
152,Химерія,Ерагон,Крістофер Паоліні,2005,1,,Ранок-НТ,
153,Химерія,Ерагон. Найстарший,Крістофер Паоліні,2007,2,,Ранок-НТ,
154,Химерія,Ерагон. Брізінгр,Крістофер Паоліні,2009,3,,Ранок-НТ,
155,Химерія,"Ерагон. Спадок, або Склеп Душ",Крістофер Паоліні,2012,4,,Ранок-НТ,
156,Химерія,Хроніки шукачів світів. Подих диявола,Томас Тімайєр,2014,1,,Ранок,
157,Художня,Всьо ясно,Джонатан Сафран Фоєр,2017,1,,КСД,
158,Художня,Вернон Господь Літтл,ДіБіСі П'єр,2020,1,,Вавилонська бібліотека,
159,Художня,Гаргантюа і Пантагрюель,Франсуа Рабле,2017,1,,Фоліо,
160,Художня,Божественна комедія,Данте,2010,1,,Фоліо,
161,Художня,"Крихітка Цахес, на прізвисько Цинобер",Ернст Теодор Амадей Гофман,2017,1,,Навчальна книга - Богдан,
162,Художня,Місто,Кліффорд Сімак,2011,1,,Навчальна книга - Богдан,
163,Художня,Країна снігу. Тисяча журавлів,Ясунарі Кавабат,2000,1,,ОСНОВИ,
164,Художня,Квентін Дорвард,Вальтер Скотт,2015,1,,ОСНОВИ,
165,Художня,Коли Ніцше плакав. Роман про одержимість,Ірвін Ялом,2019,1,,КСД,
166,Художня,Ніч вогню,Гюнтекін Р. Н.,2011,1,,Фоліо,
167,Художня,Хозарський словник,Мілорад Павіч,2001,1,,Фоліо,
168,Художня,Фламандська дошка,Артуро Перес-Реверте,2010,1,,Фоліо,
169,Художня,Без крові. Така історія,Алессандро Барікко,2010,1,,Фоліо,
170,Художня,Щоб не загубитися у місті,Патрік Модіано,2017,1,,Видавництво Жупанського,
171,Художня,Вежа з чорного дерева. Новели,Джон Фаулз,1986,1,,Дніпро,З підписом
172,Художня,The terrors of the Night,Thomas Nashe,2015,1,,Penguin Classics,
173,Художня,Виправний День,Чак Поланік,2018,1,,КСД,
174,Художня,Бійцівський клуб,Чак Поланік,2016,1,,КСД,
175,Художня,Під скляним ковпаком,Сильвія Плат,2017,1,,Видавництво Старого Лева,
176,Художня,Перевтілення. Збірка вибраних творів,Франц Кафка,2017,1,,O.K.Publishing,
177,Художня,Ноктюрни. П'ять історій про музику та смеркання,Кадзуо Ішігуро,2021,1,,Видавництво Старого Лева,
178,Художня,Чоловіки без жінок та інші оповідання,Ернест Гемінгвей,2017,1,,Видавництво Старого Лева,
179,Художня,Не відпускай мене,Кадзуо Ішігуро,2016,1,,Видавництво Старого Лева,
180,Художня,Ґалапаґос,Курт Воннегут,2016,1,,Фундація Короля Артура,
181,Художня,Ловець у житі,Дж. Д. Селінджер,2015,1,,КСД,
182,Художня,"Інші кімнати, Інші голоси",Трумен Капоте,2017,1,,Віват,
183,Художня,Quo Vadis,Генрік Сенкевич,2017,1,,Фоліо,
184,Художня,Шість головоломок для дона Ісидро Пароді,Хорхе Луїс Борхес,2017,1,,Видавництво Старого Лева,
185,Художня,У пошуках утраченого часу. На Сваннову сторону,Марсель Пруст,1997,1,,Юніверс,
186,Художня,У пошуках утраченого часу. У затінку дівчат-квіток,Марсель Пруст,1998,1,2,Юніверс,
187,Художня,Аліса в Задзеркаллі,Льюїс Керрол,2006,1,,А-БА-БА-ГА-ЛА-МА-ГА,
188,Художня,Пригоди Олівера Твіста,Чарлз Діккенс,2017,1,,Фоліо,
189,Художня,Вогнем і мечем,Генрік Сенкевич,2017,1,,Фоліо,
190,Художня,Ніч лагідна,Фіцджеральд Ф. С.,2016,1,2,Фоліо,
191,Художня,Три повісті,Агата Крісті,1971,1,,Книжкова фабрика ім. Фрунзе,
192,Художня,Смерть Вергілія,Герман Брох,2014,1,,Видавництво Жупанського,
193,Художня,Золотий жук,Едгар Аллан По,2001,1,,Дніпро,
194,Художня,Джейн Ейр,Шарлотта Бронте,2018,1,,#книголав,
195,Художня,Таємниче полум'я цариці Лоани,Умберто Еко,2012,1,,Фоліо,
196,Художня,Осина фабрика,Ієн Бенкс,2017,1,,КСД,
197,Художня,451' за Фаренгейтом,Рей Бредбері,2018,1,2,Навчальна книга - Богдан,
198,Місто,Плян м. Києва,склав П. Тимошок,1930,1,,,
199,Місто,Хортиця в письмових джерелах і свідченнях: від К. Багрянородного до М. Гоголя,В'ячеслав Саричев,2019,1,,"Національний заповідник ""Хортиця""",
200,Місто,"Острів Хортиця на Дніпрі, його природа, історія, старожитності",Яків Новицький,2018,1,,"Національний заповідник ""Хортиця""",
201,Місто,Літературний StanslawІФ,"уп. В.Л. Єшкілєв, І. М. Бондарев",2012,1,,Фоліо,
202,Місто,Вулицями Старовинного Львова,Б.В. Мельник,2002,1,,Світ,
203,Місто,"Сихів: простори, пам'яті, практики",уп. Наталя Отріщенко,2018,1,,Представництво,
204,Місто,"Київ. історичний огляд (карти, ілюстрації, документи)",відповід. ред. Кудрицький А.В.,1982,1,,Голред української раденциклопедії,
205,Місто,Були над Дінпром Трахтемирів і Монастирок,Микола Михняк,2020,1,,Український пріорітет,
206,Місто,Міста для людей,Йен Гел,2020,1,2,КЕНЕКШЕНС,
207,Місто,Чотири стіни та дах,Рейнір де Грааф,2019,1,2,КЕНЕКШЕНС,
208,Місто,Генеральний план Києва провалився. Що прийде йому на заміну,"О. Анісімов, А. Пономарьова, Brent D. Ryan",2020,1,,"kyiv, vienna, boston 2020",
209,Місто,Сміття і люди. Зворотний бік споживання,Томас Гілланд Еріксен,2016,1,,Ніка-Центр,
210,Укрліт,Микола Джеря. Кайдашева Сім'я,І. С. Нечуй-Левицький,1982,1,,Дніпро,
211,Укрліт,Вибране. ,"П. Гулак-Артемовський, Л. Боровиковський, В. Забіла, М. Петренко",1980,1,,Веселка,
212,Укрліт,Смерть за плечима,Іван Франко,2017,1,,Українська класика,
213,Укрліт,Марія,Улас Самчук,2015,1,,Знання,
214,Укрліт,Дикий,Григір Тютюнник,2014,1,,Знання,
215,Укрліт,Поза межами болю,Осип Турянський,2018,1,,Сім кольорів,
216,Укрліт,Жовтий князь,Василь Барка,2009,1,,Фоліо,
217,Укрліт,Воля до життя. Незабутнє. Ніч перед боєм. ,О. Довженко,2017,1,,Фоліо,
218,Укрліт,Місто,Валер'ян Підмогильний,2022,1,,Віхола,
219,Укрліт,Іван Франко. Твори в двох томах,Іван Франко,1981,2,,Дніпро,
220,Укрліт,Вибрані твори. Розстріляне Відродження,Олекса Слісаренко,2011,1,,Смолоскип,
221,Поезія,Вибрані твори. Розстріляне Відродження,Володимир Свідзінський,2011,1,,Смолоскип,
222,Укрліт,Річка Геракліта,Ліна Костенко,2011,1,,Либідь,диск з записом голоса поетеси
224,Художня,Українська драматургія. Кращі класичні твори,збірка,2008,1,,"ТОВ ВКФ ""БАО""",
225,Історія,Європа. Історія,Норман Дейвіс (пер. П. Таращук),2001,2,,ОСНОВИ,
226,Античність,Історія європейської цивілізації. Греція,за ред. Умберто Еко,2016,1,,Фоліо,
227,Історія,Індія і Пакистан. Інтелектуальна історія розлучин,Олена Борділовська,2018,1,,Інститут сходознавства іи. А. Б. Кримського,
228,Історія,Canada. A modern history ,J. Bartlet Brebner,,1,,The university of Michigan Press,
229,Історія,Canada and the First World War,Edited by David Mackenzie,2014,1,,University of Toronto Press,
230,Історія,"Історія Фінляндії. Лінії, структури, переломні моменти",Генрик Мейнандер,2009,1,,ЛА Піраміда,
231,Історія,Українці в Канаді: суспільно-політичне становище в конексті іміграційної політики 1918-1939 рр.,Олеся Дзира,2020,1,,Академія Наук,
232,Історія,"Зброя, мікроби і харч: витоки нерівностей між народами",Джаред Даймонд,2012,1,,Ніка-центр,
233,Історія,Вступ до історії,Наталя Яковенко,2007,1,,Критика,
234,Історія,Литовська метрика 1547-1549,Дмитро Ващук,2019,1,,НАН України,
235,Історія,Islamic History. A very short introduction,Adam J. Silverstein,2010,1,,Oxford University Press,
236,Історія,Літопис самовидців. Дев'ять місяців українського спротиву,Оксана Забужко,2014,1,,Комора,
237,Художня,На західному фронті без змін. Повернення. Товариші,Ерих Марія Ремарк,2014,1,,КСД,
238,Історія,Війна з державою чи за державою? Селянський повстанський рух в Україні 1917-1921 років,багато авторів,2017,1,,КСД,
239,Історія,Військово-морська міць та її межі,Максим Паламарчук,2019,1,,Наш формат,
240,Історія,"Конфлікти, що змінили світ",багато авторів,2020,1,,Фоліо,
241,Історія,Історія давньої зброї,багато авторів,2020,1,,НАН України,
242,Історія,"Радянський рух опору в Україні. Організація, легітимація, меморіалізація (1941-1953 рр.)",Іван Капась,2016,1,,К.І.С.,
243,Історія,Мистецтво війни,Сунь-Дзи,2016,1,,Видавництво Старого Лева,
244,Історія,Козацька держава як ідея в системі суспільно-політичного мислення XVI-XVIII ст.,Валерій Шевчук,2019,2,,Кліо,
245,Історія,Стежками Новицького. Історичний путівник по Хортиці,Дмитро Кобалія,2018,1,,Дике поле,
246,Історія,Історія запорозьких козаків 1,Д. І. Яворницький,1990,1,,Наукова думка,
247,Історія,Історія запорозьких козаків 3,Д. І. Яворницький,1991,3,,Наукова думка,
248,Історія,Міжнаціональні відносини в Україні у XX-на початку XXI ст.,упоряд. Михайло Романюк,2020,1,,НАН України,
249,Історія,Нарис історії середньовічної та ранньомодерної України,Наталя Яковенко,2009,1,,Критика,
250,Історія,Історія Украни від діда Свирида 2,"блогер Свирид Опанасович ""Дід Свирид""",2017,2,,"ТОВ ""Новий друк""",
251,Історія,Україна. Історія,Орест Субтельний,1991,2,,Либідь,
252,Історія,Історія Украни від діда Свирида,"блогер Свирид Опанасович ""Дід Свирид""",2018,1,,"ТОВ ""Новий друк""",
253,Історія,Дух і Літера №1-2,багато авторів,1997,1,2,"НУ ""КМА""",
254,Історія,Простір можливостей. Україна в добу заліза та пари,Тетяна Водотика,2018,1,,Кліо,
255,Історія,Майдан. Пряма мова,упоряд. Олена Чебанюк та Оксана Ковальова,2019,1,,Київ,
256,Історія,"Щоденник. 1948-1949, 1967-1968, 1971-1976",Осип Зінкевич,2016,1,,Смолоскип,
257,Історія,Смерть. Сибирські новели,Борис Антоненко-Давидович,2009,1,,Фоліо,
258,Історія,Мазепа. Трилогія Мотря,Борис Лепкий,1991,1,,Каменяр,
259,Історія,Болехівські бувальщини. Діалектні тексти,Юрій Гнатишак,2021,1,,НАН України,
260,Історія,Повість минулих літ,Нестор Літописець,1982,1,,Веселка,
261,Історія,Історія України-Русі з малюнками,Микола Аркас,1990,1,,Жовтень,
262,Історія,Слово о полку ігоревім,давноруський текст,1986,1,,Радянська школа,
263,Історія,Літопис руський,давноруський текст,1989,1,,Дніпро,
264,Історія,Літопис,Самійло Величко,1991,2,,Дніпро,
265,Античність,"Найдавніша література Шумеру, Вавилону, Палестини",народні тексти,2016,1,,Фоліо,
266,Політика,Консерватизм,упоряд. Олег Проценко та Василь Лісовий,2008,1,,Смолоскип,
267,Політика,Гуманізм і демократична критика,Едвард Саїд,2014,1,,Медуза,
268,Політика,Глобальна соціальна політика,Боб Дікон та Мішель Халс і Пол Стабс,1999,1,,ОСНОВИ,
269,Політика,Більдунг. Нордичний секрет краси та свободи,Лене Рейчел Андерсен і Томас Бйоркман,2021,1,,Наш формат,
270,Політика,Сингапурська історія: із третього світу в перший,мемуари Лі Куан Ю,2011,1,,"ТОВ ""АА Плюс""",
271,Політика,"Чому нації занепадають. Походження влади, багатства та бідності","Джеймс Робінсон, Дарон Аджемоглу",2016,1,,"ТОВ ""НФ""",
272,Політика,Друга молодість демократії. Майбутнє демократичного імпульсу,Жан-Франсуа Ревель,2001,1,,Сфера,
273,Політика,Федераліст,"А. Гамільтон, Д. Медісон, Д. Джей",2002,1,,Сфера,
274,Політика,Архетипи соціального життя і політика,"Олена Донченко, Юрій Романенко",2001,1,,Либідь,
275,Політика,Між нами,Еманюель Левінас,1999,1,,ДУХ І ЛІТЕРА,
276,Політика,Книгозбірня й архів Дмитра Донцова,Галина Сварник,2019,1,,НАН України,
277,Політика,Націоналізм,Д. Донцов,,3,,,
278,Політика,Траснформація соціал-демократії,Томас Майєр,2004,1,,Основні цінності,
279,Художка іноземною,The sense of an Ending,Julian Barnes,2012,1,,Vintage Books,Підклеїти
280,Художка іноземною,The Firm,John Grisham,1995,1,,Pearson Education,
281,Художка іноземною,A thousand splendid suns,Khaled Hosseini,2007,1,,Riverhead books,
282,Художка іноземною,Affliction,Russel Banks,1990,1,,HarperPerennil,
283,Художка іноземною,The road,Cormac McCarthy,2007,1,,Picador,
284,Художка іноземною,Cities of the Plain,Cormac McCarthy,2010,1,,Picador,
285,Художка іноземною,Saving private Ryan,many authors,2000,1,,Penguin Readers,
286,Художка іноземною,Misery,Stephen King,2008,1,,Penguin Readers,
287,Художка іноземною,The diary of a young girl,Anne Frank,2015,1,,Penguin Readers,
288,Художка іноземною,Wisniewski,Janusz Leon,2014,1,,Swiat Ksiazki,
289,Художка іноземною,Novellen,Stefan Zweig,2006,1,,Folio,
290,Художка іноземною,Die schwarzen Schafe,Heinrich Boll,1989,1,,Meulenhoff Educatief,
291,Українськість,Схід українського сонця,Катерина Зарембо,2022,1,,Човен,
292,Укрліт,За Перекопом є земля,Анастасія Левко,2023,1,,Лабораторія,
293,Укрліт,Сад Гетсиманський,Іван Багряний,2023,1,,Віхола,
294,Освіта,Дитя людське,Януш Корчак,2012,1,,Дух і літера,
295,Освіта,Як обрати професію майбутнього,Тамара Сухенко,2016,1,,Фоліо,
296,Мистецтво,Living the war. Kyiv during the russian war against Ukraine,Volodymyr Kadygrob,2022,1,,From A to Z,
297,Мистецтво,Лабораторія сучасного мистецтва. Методика для занять із дітьми й підлітками,Валерія Бураджиєва,2021,1,,Коло,
298,Філософія,Сучасна соціальна філософія. Том 1. Курс лекцій,В. Андрущенко М. Михальченко,1993,1,,Генеза,
299,Освіта,Glossary of Business Terminology. Словник Ділових Термінів,Y. Havrylyshyn O. Karkoc,1993,1,,Smoloskyp,
300,Графічні романи,Скотт Пілігрим. Скотт Пілігрим береться за розум 4,Браян Лі Оʼмеллі,2023,4,,Mal'opus,
301,Поезія,Стус. Палімпсести. Вибране,Василь Стус,2023,1,,А-БА-БА-ГА-ЛА-МА-ГА,
302,Наука,Чому зебри не страждають на виразку,Роберт М. Сапольські,2023,1,,Фабула,
303,Наука,Медицина. Доказова і не дуже,Андрій Семʼянків (MED GOblin),2021,1,,Віхола,
304,Наука,Зоологічна екскурсія супермаркетом. Невідома історія відомих продуктів,Леонід Горобець,2022,1,,Віхола,
305,Наука,Пташина історія,Наталія Атамась,2021,1,,Віхола,
306,Наука,Коли я нарешті висплюся? Як засинати і прокидатися із задоволенням,"Ольга Маслова, Ніка Бєльська",2023,1,,Віхола,
307,Укрліт,Місто,Валер'ян Підмогильний,2022,1,,Віхола,
308,Наука,Плідна праця. Хроніки зародження життя у пробірці,Ольга Малюта,2022,1,,Віхола,
309,Наука,Без ГМО. Правда і страшилки про генну інженерію,Оксана Півень,2022,1,,Віхола,
310,Наука,Хімія повсякдення. Від шампуню і прального порошку до смаженої картоплі,Володимир Саркісян,2021,1,,Віхола,
311,Античність,Комедії,Арістофан,1980,1,,Дніпро,
312,Укрліт,Бути не здаватися,Ахметов Олександр,2022,1,,Азбука,
313,Укрліт,"Як ""звірі"" воювали: ТрО очима ""піджака""",Артур Кіт,2022,1,,,
314,Укрліт,Неймовірна ода до радості,Ірен Роздобудько,2022,1,,Нора друк,
315,Укрліт,Блюз під дощем,Юрій Шабловський,2007,1,,Пульсари,
316,Укрліт,Сіль для моря або білий кит,Анастасія Нікуліна,2019,1,,Vivat,
317,Укрліт,Танець недоумка,Ілларіон Павлюк,2022,1,,Видавництво Старого Лева,
318,Укрліт,Повернення Тараса Бульби,Славко Полятинчук,2021,1,,Абетка,
319,Укрліт,Котилася торба,Василь Махно,2011,1,,Критика,
320,Укрліт,Винарні,Ігор Померанцев,2011,1,,,
321,Укрліт,Жанна Батальйонерка,Гео Шкурупій,2018,1,,Темпора,
322,Укрліт,Повість про санаторійну зону. Сентиментальна історія. Я (Романтика),Микола Хвильовий,2023,1,,Віхола,
323,Укрліт,Інститутка. Оповідання,Марко Вовчок,2023,1,,Віхола,
324,Укрліт,Майстер корабля. Байгород,Юрій Яновський,2023,1,,Віхола,
325,Укрліт,Записки Кирпатого Мефістофеля,Володимир Винниченко,2023,1,,Віхола,
326,Укрліт,Леся Українка. Вибрані твори,Леся Українка,2023,1,,Yakaboo,
327,Укрліт,Маруся,Григорій Квітка-Основʼяненко,2019,1,,Фоліо,
328,Укрліт,Енеїда,Іван Котляревський,2017,1,,Видавець Корбуш,
329,Українськість,Третій президент. Політичний портрет Леоніда Кучми,Юрій Луканов,1996,1,,Такі справи,
330,Українськість,Майдан пряма мова том 2,"О. Ю. Чебанюк, О. Ю. Ковальової",2019,2,,,
331,Українськість,Пісні рідного села. Українські народні пісні,А. Л. Путя,1987,1,,Музична Україна,
332,Українськість,Джерело української класики,,2019,1,,Клуб сімейного дозвілля,
333,Химерія,Гаррі Поттер і Таємна кімната,Дж. К. Ролінг,2002,1,,А-БА-БА-ГА-ЛА-МА-ГА,
334,Химерія,Гаррі Поттер і Вʼязень азкабану,Дж. К. Ролінг,2023,1,,А-БА-БА-ГА-ЛА-МА-ГА,
335,Химерія,Мертва зона,Стівен Кінг,2022,1,,КСД,
336,Химерія,Гаррі Поттер і Прокляте дитя,Дж. К. Ролінґ,2021,1,,А-БА-БА-ГА-ЛА-МА-ГА,
337,Нон-фікшн,Чотири священні секрети. Для любові та процвітання. Путівник до життя у красивому стані,Притаджі та Кришнаджі,2021,1,,Видавництво основи,
338,Нон-фікшн,Емоційна спритність,Сьюзен Девід,2018,1,,КСД,
339,Нон-фікшн,Спалах! Сила несвідомих думок або як не заважати мозку приймати рішення,Малколм Гладуелл,2017,1,,КСД,
340,Нон-фікшн,Людина в пошуках справжнього сенсу. Психолог у концтаборі,Віктор Франкл,2016,1,,КСД,
341,Нон-фікшн,Книжка про сміття,Галина Ткачук,2019,1,,Видавництво Старого Лева,
342,Нон-фікшн,Успішні виступи на TED. Рецепти найкращих спікерів,Кріс Андерсон,2017,1,,Наш формат,
343,Нон-фікшн,Чому не варто боятися фемінізму,Тамара Марценюк,2018,1,,Комора,
345,Нон-фікшн,"Жінки в добу змін, 1989-2009: Польща, Чеська республіка, Словаччина, Східна Німеччина та Україна",,2012,1,,,
346,Нон-фікшн,Жінки центральної та Східної Європи у другій світовій війні: гендерна специфіка досвіду в часи екстремального насильства,,2018,1,2,,
347,Нон-фікшн,"""Жіночий університет Святої Ольги"" Історія київських вищих жіночих курсів",Катерина Кобченко,2007,1,,,
348,Нон-фікшн,Сміття і люди. Зворотній бік споживання,Томас Гілланд Еріксен,2016,1,,Ніка-Центр,
349,Художня,Парфуми. Історія одного вбивці,Патрік Зюскінг,2022,1,,Фоліо,
350,Художня,Володар Мух,Вільям Ґолдінґ,2021,1,,BOOKCHEF,
351,Художня,Який чудесний світ новий!,Олдос Гакслі,2021,1,,BOOKCHEF,
352,Художня,Убивства за абеткою,Аґата Крісті,2020,1,,КСД,
353,Художня,"Вбивство у ""Східному експресі""",Аґата Крісті,2020,1,,КСД,
354,Художня,Карти на стіл,Аґата Крісті,2020,1,,КСД,
355,Художня,Янкі з коннектикуту при дворі короля Артура,Марк ТВЕН,2019,1,,Знання,
356,Художня,Аліса в країні див,Льюїс Керрол,2010,1,,А-БА-БА-ГА-ЛА-МА-ГА,
357,Художня,Щиголь,Донна Тартт,2016,1,,КСД,
358,Художня,У затишку дівчат-квіток,Марсель Пруст,2009,1,,Фоліо,
359,Художня,Крадійка книжок,Маркус Зузак,2022,1,,КСД,
360,Художня,Гобсек,Оноре де бальзак,2019,1,,BOOKCHEF,
361,Художня,Хлопчик у смугастій піжамі,Джон Бойн,2017,2,,Видавництво Старого Лева,
362,Химерія,Із крові й попелу,Дженніфер Л. Арментраут,2023,1,,BOOKCHEF,
363,Художня,Компас,Маміас Енар,2017,1,,Видавництво Старого Лева,
364,Художня,Читанка для Мануеля,Хуліо Кортасар,2009,1,,Фоліо,
365,Художня,Рік Оракула,Чарльз Соул,2018,1,,КМБУКС,
366,Історія,Інтерпретації російсько-українського конфлікту,Володимир Кулик,2020,1,,,
367,Історія,Проблеми історії війн і військового мистецтва,,2021,3,,,
368,Нон-фікшн,Олег Сенцов,Олександр Мимрук,2017,1,,Фоліо,
369,Нон-фікшн,Автобіографія у чотири руки,Єжи Ґєдройць,2015,1,,Дух і літера,
370,Історія,Могутня Ганза,Наталія Подаляк,2009,1,,Темпора,
371,Історія,Історія на шпангоутах. Проєкт реставрації старовинних кораблів,,2016,1,,,
372,Історія,Львівське товариство єврейської культури та синагога Якуба Гланцера,,2021,1,,,
373,Історія,Очима дванадцятирічної дівчинки,Яніна Гешелес,2016,1,3,Дух і літера,
374,Історія,Хозари в історії Східної Європи,О. Б. Бубенок,2019,1,,,
375,Історія,Августин Волошин і Карпатська Україна в історії українського державотворення,"Степан Віднянський, Микола Вегеш",2021,1,,,
376,Політика,Культурний імператив соціально-економічного розвитку: цивілізаційний аспект,"С. А. Давимука, Л. І. Федулова",2019,1,,,
377,Політика,Industrial Democracy: Yugoslav Style,Ichak Adizes,1977,1,,,
378,Політика,Сингапурська історія. Мемуари Лі Куан Ю,,,2,,,
379,Історія,Islamic history,Adam J. Silverstein,,1,,Oxford,
380,Політика,Трансформація соціал-демократії. Партія на шляху у XXI століття,Томас Майєр,2004,1,,,
381,Політика,Покора авторитету. Погляд експериментатора,Стенлі Мілґрем,2019,1,,КСД,
382,Історія,Словʼянофільство - духовний феномен XIX століття,Надія Шип,2021,1,,,
383,Політика,Соціальна напруженість в кризовому соціумі,,2019,1,,,
384,Політика,Грошова глобалізація,Олександр Шаров,2020,1,,,
385,Політика,Плинні ідеології,Володимир Єрмоленко,2018,1,,Дух і літера,
386,Політика,Два трактати про правління,Джон Лок,2023,1,,Наш формат,
387,Політика,Політика для початківців,Алекс Фріт,2009,1,,книголав,
388,Політика,Майдан. Свідчення. Допомога постраждалим. Міжнародна солідарність ,Леонід Фінберга,2018,1,,Дух і літера,
389,Політика,Площі та вежі,Ніл Ферґюсон,2018,1,,Наш формат,
390,Політика,Плутократи,Христя Фріланд,2017,1,,Наш формат,
391,Місто,Урбанізм і фемінізм,,2018,1,,,
392,Місто,Як будувати на віки. Архітектура поза часом,Крістофер Александер,2020,1,,Основи,
393,Місто,Міста і люди,Йозеф Рот,2019,1,,,
394,Політика,Як ми пережили комунізм і навіть сміялися,Славенка Дракуліч,2019,1,,Yakaboo,
395,Політика,Четверта республіка,Борис Ложкін,2016,1,,,
396,Політика,Подолати минуле: глобальна історія України,Ярослав Грицак,2021,1,,Портал,З підписом
397,Політика,Проста конституція,,,1,,,
398,Політика,Триптих про призначення України,Юрій Шевельов,2017,1,,Видавець Олександр Савчук,
399,Політика,Вʼячеслав Липинський: хлібороб і жовнір,Ігор Гирич,2019,1,,,
400,Українськість,Леся Українка,Леся Українка,2021,1,,,
401,Історія,Статті,Симон Петлюра,1993,1,,Дніпро,
402,Історія,Хортиця. В письмових джерелах та свідченнях,Вʼячеслав Саричев,2019,1,,,
403,Історія,Суспільно-політичні твори,Микола Міхновський,2015,1,,Смолоским,
404,Історія,Західна Європа та Гетьманщина в середині XVII-XVIII ст.,Олександр Гуржій,2021,1,,,
405,Історія,Феномен української національної революції XVII століття,"Валерій Смолій, Валерій Степанков",2019,1,,,
406,Історія,Шлюб в Україні у демографічному вимірі: Історія і сучасність,Людмила Слюсар,2021,1,,,
407,Історія,Русь і Польща в міжнародному житті Європи,Олександр Головко,2021,1,,,
408,Історія,"Людина, Суспільство, Влада в давній та ранньомодерній Україні",,2020,1,,,
409,Історія,Самійло,Ярослав Яріш,,1,,Час майстрів,
410,Історія,In sclavenia terra,Ярослав Яріш,2018,2,,,
411,Історія,Пригоди Марка у княжому Києві,Сергій Тараненко,2022,1,,"2 книги, одна англійською",
412,Історія,Історія запорозьких козаків 2,Д. І. Яворницький,1990,2,,Наукова думка,
413,Історія,Річ Посполита про козаків,Дмитро Вирський,2021,1,,,
414,Історія,Історія хазар,А. Ю. Кримський,2018,1,,,
415,Укрліт,Тіні забутих предків,Михайло Коцюбинський,2023,1,,Брустури,
416,Українськість,Філософія театру,Курбас,2022,1,,Основи,
417,Українськість,Філософія української ідеї та європейський контекст,Оксана Забужко,2023,1,,Комора,
418,Художка іноземною,Hannibal,Thomas Harris,2000,1,,Arrowwbooks,
419,Художка іноземною,Tender is the night,F. Scott Fitzgerald,1955,1,,Green penguin,
420,Укрліт,Зоряний корсар,Олесь Бердник,1971,1,,,
421,Історія,Павло Скоропадський Спогади,Павло Скоропадський,2017,1,,Наш формат,
422,Художка іноземною,Die un langweiligste schule der welt,Sabrina J. Kirschner,,1,,carlsen,
423,Мистецтво,"Художники й куратори -- конкуренти, співавтори чи колеги?",Доротея Ріхтер,2018,1,,,
424,Античність,Трагедії,Евріпіт,1993,1,,Основи,
425,Художня,Колекціонер,Джон Фаулз,2023,1,,BOOKCHEF,
426,Химерія,Буфонада,Курт Воннеґут,2018,1,,,
427,Мистецтво,Reporters,,2022,1,,,
428,Графічні романи,Скотт Пілігрим. Скотт Пілігрим і його чудове маленьке життя 1,Браян Лі Оʼмеллі,,1,,Oni press,
429,Укрліт,Повія,Панас Мирний,2021,1,,Андронум,
430,Поезія,Задивляюсь у твої зіниці. Вибрані вірші,Василь Симоненко,2023,1,,А-БА-БА-ГА-ЛА-МА-ГА,
431,Історія,Крути,Осип і Надія Зінкевичі,2017,1,,Смолоскип,
432,Українськість,Пороги. Вибране,,2009,1,,Смолоскип,
433,Історія,Повоєнний СРСР,Ярослав Грицак,2023,1,,Портал,
434,Історія,Світові війни,Олександр Маєвський,2022,1,,Портал,
435,Українськість,Пригоди української літератури,Ростислав Семків,2023,1,,Темпора,
436,Укрліт,Дівчина з ведмедиком. Доктор Серафікус,В. Домонтович,2022,1,,2022,
437,Освіта,Школознавство,Галина Ткачук,2020,1,,Портал,
438,Українськість,Бунт проти імперії,Радомир Мокрик,2023,1,,А-БА-БА-ГА-ЛА-МА-ГА,
439,Химерія,Лавкрафт,Говаря Філіпс,2023,1,,Майстри готичної прози,
440,Художня,Над зозуленим гніздом,Кен Кізі,2023,1,,КМБукс,
441,Історія,Повітряна війна і література,В. Ґ. Зебальд,2023,1,,,
442,Історія,"Portable and Parietal Art of Kamyana Mohyla, Ukraine",Симон Радченко,2023,1,,BAR,
443,Графічні романи,Інша. Перша чверть. アナザー,Аяцуджі Юкіто,2023,1,,Molfar Comics,
444,Нон-фікшн,Фріда Кало. Безжальна врода,Жерар Де Кортанз,2016,1,,Нора Друк,
445,Нон-фікшн,"Право на помилку. 25 успішних жінок розповідають про те, чого їх навчили власні помилки",Джессіка Бекол,2018,1,,,
446,Художня,Дівчата з 13-ї вулиці,Малгожата Гутовська-Адамчик,2014,1,,Урбіно,
447,Філософія,Історія та істина,Поль Рікер,2001,1,,Пульсари,
448,Філософія,Евристика,Н. В. Карамишева,2013,1,,ПАІС Львів,
449,Філософія,Майбутнє. Логіко-філософське дослідження,Н. В. Карамишева,2016,1,,,
450,Політика,Джерела тоталітаризму,Ханна Арендт,2002,1,,Дух і літера,
451,Релігіознавство,"Вісім релігій, що пануюль у світі. Чому їхні відмінності мають значення",Стівен Протеро,2023,1,,BOOCKHEF,
452,Графічні романи,Коли завмирає серце,Еліс Осман,2023,1,,,
60,Релігіознавство,Релігія має померти. Або у кого ми повіримо після Бога,Вʼячеслав Агеєв,,1,,Віхола,
453,Химерія,Артур Мекен. Зібрання творів,Артур Мекен,2021,1,,Майстри готичної прози,
454,Освіта,Логіка,А. Є. Конверський,2016,1,,,
455,Українськість,"Наші на карті світу. Історії про людей, якими захоплюється світ",Уляна Скицька,2020,1,,ВСЛ,
456,Художка іноземною,Infernal 12,Daniil Kovalenko,2023,1,,Europe books,
457,Нон-фікшн,Реформа здорової людини. Як лікували українську медицину,Віра Курико,2022,1,,Лабораторія,
458,Філософія,Байки Федра,,,1,,,
459,Освіта,Поговори зі мною... Як надати базову психологічну допомогу через розмову,,,1,,,
460,Мистецтво,"Авангардне мистецтво в Україні, 1910-1930",Мирослав Шкандрій,,1,,Фабула,
461,Історія,Рашизм,Лариса Якубова,2023,1,,,
462,Релігіознавство,Коротка історія релігії,Річард Голловей,2023,1,,Наш формат,
463,Художня,1984. Адаптація Ксавʼє Коста за романом Джорджа Орвелла,Джордж Орвелл,2023,1,,Віват,
464,Графічні романи,Скотт Пілігрим. Скотт Пілігрим проти всього світу 2,Браян Лі Оʼмеллі,,2,,Oni press,
465,Освіта,Javascript для діей. Веселий вступ до програмування,Нік Морґан,2022,1,,ВСЛ,
466,Наука,Зоологічна екскурсія супермаркетом. Невідома історія відомих продуктів,Леонід Горобець,2022,1,,Віхола,
467,Освіта,Математика Для Своїх НМТ 2024,"Іванишак Сергій, Бодняр Микита",2023,1,,,
468,Художня,Колгосп тварин,Джордж Орвелл,2022,1,,Жупанського,
469,Художня,жертвам сниться велика воєнна перемога ,Мілєнко Єргович,2019,1,,Комора ,
470,Історія,Хіросіма,Джон Герсі,2022,1,,Човен,
471,Політика,Консерватизм. Антологія,,1998,1,,Смолоскип,
472,Історія,Чорнобильська молитва,Світлана Алексієвич,2021,1,,"ДП ""ЦОТІЗ""",
223,Історія,Чорнобиль. Історія ядерної катастрофи,Сергій Плохій,2021,1,,"ДП ""ЦОТІЗ""",
473,Релігіознавство,Новий Заповіт,,2022,1,,біблійна ліга,
474,Античність,Міфи,Стівен Фрай ,2023,1,,ФОЛІО ,
475,Історія,Козацький марс ,Олексій Сокирко ,2023,1,,Темпора ,
476,Історія,російсько-українська війна ,Сергій Плохій ,2023,1,,КСД,
477,Художня,Портрет Доріана Ґрея,Оскар Вайлд,2023,1,,BOOKCHEF,
478,Місто,Марсіани на Хрещатику ,Віра Агеєва ,2023,1,,Віхола ,
479,Поезія,Так ніхто не кохав,Іван Малкович,2024,1,,А-БА-БА-ГА-ЛА-МА-ГА,
480,Історія,Сєверодонецьк. Репортаж з минулого ,Світлана Ославська ,2022,1,,Човен,
481,Укр літ,Українська література 14-16 століття ,,,1,,Наукова думка ,
482,Художня,Земля людей ,Антуан де Сент-Екзюпері ,2017,1,,Фоліо ,
483,Поезія,Повна збірка творів ,Михайль Семенко ,2023,1,,Темпора ,Збірка 4 книг в коробочці
484,Поезія,Павличко. Два кольори ,Дмитро Павличко ,2023,1,,А-БА-БА-ГА-ЛА-МА-ГА,
485,Поезія,Голобородько. Яблуко добрих вістей ,Василь Голобородько ,2023,1,,А-БА-БА-ГА-ЛА-МА-ГА,
486,Поезія,Москалець. Срібне поле ,Костянтин Москалець ,2023,1,,А-БА-БА-ГА-ЛА-МА-ГА,
487,Поезія,Андрухович. Листи в Україну ,Юрій Андрухович ,2023,1,,А-БА-БА-ГА-ЛА-МА-ГА,
488,Поезія,Герасимʼюк. ANNO АФІНИ ,Василь Герасимʼюк ,2023,1,,А-БА-БА-ГА-ЛА-МА-ГА,
489,Поезія,Римарук. Три потоки місячного світла ,Ігор Римарук ,2017,1,,А-БА-БА-ГА-ЛА-МА-ГА,
490,Поезія,Білоцерківець. Ми помрем не в Парижі ,Наталка Білоцерківець ,2023,1,,А-БА-БА-ГА-ЛА-МА-ГА,
491,Поезія,Костенко. Триста поезій ,Ліна Костенко ,2023,1,,А-БА-БА-ГА-ЛА-МА-ГА,
492,Поезія,Іван Драч. Вийшов з радіо чорний лев,Іван Драч ,2023,1,,А-БА-БА-ГА-ЛА-МА-ГА,
493,Поезія,Неборак. Літаюча голова ,Віктор Неборак ,2023,1,,А-БА-БА-ГА-ЛА-МА-ГА,
494,Поезія,Лишега. Зима в тисмениці ,Олег Лишега ,2023,1,,А-БА-БА-ГА-ЛА-МА-ГА,
495,Поезія,Жадан. Динамо Харків,Сергій Жадан,2023,1,,А-БА-БА-ГА-ЛА-МА-ГА,
496,Поезія,Воробйов. Гора і квітка ,Микола Воробйов ,2023,1,,А-БА-БА-ГА-ЛА-МА-ГА,
497,Поезія,Кичинський. Жива і скошена тече в мені трава ,Анатолій Кичинський ,2024,1,,А-БА-БА-ГА-ЛА-МА-ГА,
498,Поезія,Малкович. Подорожник ,Іван Малкович ,2023,1,,А-БА-БА-ГА-ЛА-МА-ГА,
499,Поезія,Вінграновський. На срібнім березі ,Микола Вінграновський ,2022,1,,А-БА-БА-ГА-ЛА-МА-ГА,
500,Поезія,Назар Гончар. Автопортрети ,Назар Гончар ,2023,1,,А-БА-БА-ГА-ЛА-МА-ГА,
501,Поезія,Позаяк. Шедеври ,Юрко Позаяк ,2023,1,,А-БА-БА-ГА-ЛА-МА-ГА,
502,Поезія,Ірванець. Санітарочка Рая ,Олександр Ірванець ,2023,1,,А-БА-БА-ГА-ЛА-МА-ГА,
503,Химерія,Кладовище домашніх тварин,Стівен Кінг,2018,1,,Клуб сімейного дозвілля,
504,Мистецтво,Антологія кольору. Історія спадщини фарб та пігментів,Патрик Беті,2023,1,,ArtHuss,
505,Історія,Чорна Рада,Пантелеймон Куліш,2019,1,,Vivat,
506,Іноземною мовою,All Art is Ecological,Timothy Morton,,1,,Penguin books,
507,Іноземною мовою,Sustainability,Kent E. Portney,,1,,The MIT Press,
508,Філософія,Фрейми війни,Джудіт Батлер,2016,1,,,
509,Іноземною мовою,The dharma bums ,Jack Kerouac,,1,,Penguin books,
510,Нон-фікшн,Як будується оповідання,Майк Йогансен,2019,1,,Pabulum,
511,Нон-фікшн,"Фактологія. 10 хибних уявлень про світ, і чому все набагато краще, ніж ми думаємо","Ганс Рослінг, Уля Рослінг, Анна Рослінг-Рьоннлюнд",2023,1,,Наш формат,
512,Укр літ,Григорій Квітка-Основʼяненко Вибрані твори,Григорій Квітка-Основʼяненко,2023,1,,Yakaboo publishing ,
514,Художня,Бірманські дні,Джордж Орвелл,2022,1,,Фоліо,
515,Художня,Діти капітана Гранта,Жюль Верн,1989,1,,"Київ ""Весеслка""",
516,Укрліт,Остап Вишня,Остап Вишня,1984,1,,"Київ ""Наукова думка""",
517,Історія,Українські світи Речі Посполитої,Наталя Старченко,2022,1,,Laurus,
518,Художня,Убити пересмішника,Гарпер Лі,2019,1,,SKYprint,
519,Художня,Сто років самотності,Габріель Гарсіа,2022,1,,SKYprint,
520,Художня,Райський сад. Острови в океані,Ернест Хемінгуей,1989,1,,"Київ ""Дніпро""",
521,Художня,Марсіанські хроніки,Рей Бредбері,1988,1,,"Київ ""Дніпро""",
522,Художня,Брама расьомон,Рюноске Акутаґава,2023,1,,Фоліо,
523,Художня,Записки комівояжера,Шолом-Алейхем,1983,1,,"Київ ""Дніпро""",
524,Художня,Степовий вовк,Герман Гессе,2022,1,,Фоліо,
525,Художня,Чаликушу,Решат Нурі Гюнтекін,1991,1,,"Київ ""Дніпро""",
526,Укрліт,Олесь Гончар. Твори в шести томах,Олесь Гончар,1979,1,,"Київ ""Дніпро""",
527,Історія України,Праведники Бабиного Яру,,2016,1,,Фоліо,
528,Історія України,Бабин Яр,,,1,,,
529,Історія,Нотатки про війну з галлами ,Юлій Цезар,2021,1,,Апріорі ,
530,Місто,Київ і кияни,Микола Козловський,1979,1,,Мистецтво,
531,Історія,Очима дванадцятирічної дівчинки ,Яніна Гешелес ,2016,1,2,Дух і літера ,
532,Мистецтво,The politics of design ,Ruben Peter,,1,,,
533,Нон-фікшн,Богдан Ступка. Метаморфози ,Сергій Тримбач ,2022,1,,Дух і літера ,
534,Художня,Над прірвою в житті ,Джером Девід Селінджер,1984,1,,Молодь ,
535,Наука,Mammoth science ,David Macaulay,2020,1,,Penguin Random House ,
536,Іноземною мовою,A visit from the goon squad ,Jennifer Egan ,,1,,Anchor Books ,
537,Історія,Стигма окупації. Радянські жінки у самобаченні 1940-х років ,Олена Стяжкіна ,2019,1,,Дух і літера,
538,Освіта,Як ніколи не помилятися ,Джордан Елленберґ,2018,1,,Наш формат ,
539,Укр літ,Дім у Бейтінґ Голлов ,Василь Махно,2015,1,,Видавництво старого лева,
540,Освіта,Астрономія самовчитель. Популярна асторономія,"В. Боровик, І. Крячко, К. Фламмаріон",2019,1,,,
541,Поезія,Проміжня всередині флейти,Сергій Шкабара,2017,1,,Рута,
542,Українськість,Бог передвічний народився. Колядки та щедрівки,,2002,1,,Веселка,
543,Поезія,Нескорена Україна,багато авторів,2022,1,,Рута,
544,Укрліт,Вибране. Проза і Поезія,багато авторів,2009,1,,БАО,
545,Художня,Діти капітана гранта ,Жаль Верн,2004,1,,Світовид ,
546,Українськість,Апокриф ,Леся Українка ,2020,1,,Комора ,
547,Нон-фікшн,Компас цінностей ,Мандіп Рай ,2021,1,,Якабу,
548,Укрліт,Шалені авторки ,Багато авторів,2023,1,,Віхола,
549,Художня,Зимове сонцестояння (нова),,,1,,,
550,Укрліт,Невеличка драма ,Валер'ян Підмогильний,2024,1,,Віват,
551,Освіта,Зброя перемоги,Михайло Жирохов,2024,1,,Віват,
552,Українськість,Тіло Секс Шлюб ,Ірина Ігнатенко,2023,1,,Віхола,
553,Укрліт,Недуга,Євген Плужник,2023,1,,Віхола,
554,Укрліт,Подорож ученого доктора Леонардо ... Як будується оповідання.. Поезії,Майк Йогансен,2023,1,,Віхола,
555,Художня,Зимове сонцестояння (нова),Розамунда Пілчер,2023,1,,Київ РМ Видавництво,
556,Місто,Awesome digital Ukraine,,2019,1,,Kyiv Osnovy Publishing,
557,Художня,Тиха дівчина у гучному світі: історія однією інтровертки,Деббі Тан,2023,1,,Anrews McMell Publishing,
558,Українськість,Жити далі,,2023,1,,Reporters,
559,Античність,Словник античної міфології,,1989,1,,Наукова думка,
560,Мистецтво,Українське ревю сучасної музики,,,1,,,
561,Мистецтво,Наука дизайну та форми ,Йоганнес Іттен,2021,1,,ArtHuss,
562,Мистецтво,Мистецтво кольору ,Йоганнес Іттен,2022,1,,ArtHuss,
563,Історія,Русь. Навігатор з історії України ,Вадим Арістов і Галина Качур ,2024,1,,Портал,
564,Мистецтво,Елементи образотворчого мистецтва ,Йоганнес Іттен,2023,1,,ArtHuss,
565,Укрліт,Жанна Батальйонерка,Гео Шкурупій,2024,1,,Віхола,
566,Історія,Сучасність. Навігатор з історії України ,Ярослав Грицак ,2023,1,,Портал ,
567,Освіта,Мудрість Освіти ,Африканич ,2024,1,,Колесо Життя,
568,Нон-фікшн,Удома у світі ,Джон Гілл ,2022,1,,Видавництво Ростислава Бурлаки ,
569,Нон-фікшн,Як ви збудуєте своє життя,"Клейтон М. Крістенсен, Керен Діллон, Джеймс Олворт",2024,1,,Видавництво Старого Лева,
570,Історія,Дискримінація і нерівність ,Томас Совелл,,1,,,
571,Іноземною мовою,The Unfair Advantage ,Ash Ali & Hasan Kubba,,1,,,
572,Місто,Мій маленький Київ ,Анастасія Денисенко ,,1,,,
573,Історія,Локальна історія. Номер 8 тема Хліб,,,8,,,
574,Укрліт,До світла!,Іван Франко,,1,,,
575,Українськість,Діячі України ,,,1,,Артбук,
576,Химерія,Берегиня ,Наунау ,,1,,,
577,Українськість,Божена  Чагарова,Поліна Ліміна,,1,,Артбук,
578,Укрліт,Ворошиловград ,Сергій Жадан,2023,1,,Meridian Czernowitz ,
579,Укрліт,Чорна рада ,Пантелеймон Куліш ,2015,1,,Знання,
580,Воєнна справа,Війна якої не було. Частина перша,Роман Зіненко,2019,1,,Фоліо,
581,Воєнна справа,Війна якої не було. Частина друга,Роман Зіненко,2019,2,,Фоліо,
582,Сучукрліт,плюс плюс плюс,Влад Сорд,2019,1,,Дім Хімер,
583,Сучукрліт,Безодня,Влад Сорд,2019,1,,Дім Хімер,
584,Химерія,Скандинавська міфологія,Ніл Гейман,2017,1,,КМБукс,
585,Химерія,Лазарус ,Світлана Тараторіна ,2024,1,,Vivat,
586,Наука,Наш дивакуватий мозок. Розповідь невролога,Дін Бернетт,2019,1,,Віват,
587,Воєнна справа,Техніка бою. Основи. Том 1/2,майор Ганс фон Дах,2015,2,,Астролябія,
588,Поезія,Абрикоси донбасу ,Любов Якимчук,2024,1,,Видавництво старого лева,
589,Воєнна справа,Техніка бою. Основи. Том 1/1,майор Ганс фон Дах,2015,1,,Астролябія,
590,Химерія,Кладовище домашніх тварин ,Стівен Кінг,2019,1,,Клуб Сімейного Дозвілля,
591,Воєнна справа,Техніка бою. Боротьба у горах. Контрдиверсійні операції. Том 2/2,майор Ганс фон Дах,2015,4,,Астролябія,
592,Воєнна справа,Техінка бою. Бій у населенному пункті та лісі. Боротьба за фортифікаційні споруди. Том 2/1,майор Ганс фон Дах,2015,3,,Астролябія,
593,Воєнна справа,"Добробати. Історія подвигу батальйонів, що врятували Україну","Катерина Гладка, Дмитро Громаков, Вероніка Миронова",2016,1,,Фоіло,
594,Історія,В обіймах страху та смерті. Більшовицький терор в Україні,"Лариса Якубова, Яна Примаченко",2016,1,,КСД,
595,Художня,Мемуари Гейші,Артур Голден,2024,1,,КСД,
596,Художня,Куджо,Стівен Кінг,2016,1,,КСД,
597,Укрліт,Вишневі Усмішки,Остап Вишня,2016,1,,КСД,
598,Художня,Вогнем і мечем. Том 1,Генрик Сенкевич,2006,1,,Богдан,
599,Художня,Вогнем і мечем. Том 2,Генрик Сенкевич,2006,2,,Богдан,
600,Освіта,Країни світу,,2018,1,,КСД,
601,Освіта,Логіка,Анатолій Конверський,2016,,,Київський Університет,
602,Освіта,Логіка: Традиційна та сучасна,Анатолій Конверський,2007,,,Київський Університет,
603,Воєнна справа,Тотальний опір. Інструкція з ведення малої війни для кожного. Частина 1,майор Ганс фон Дах,2015,1,,Астролябія,
604,Воєнна справа,Тотальний опір. Інструкція з ведення малої війни для кожного. Частина 2,майор Ганс фон Дах,2015,2,,Астролябія,
605,Художня,Місто,Валер'ян Підмогильний,2017,1,,Фоліо,
606,Воєнна справа,Поширені інженерні боєприпаси,Д.Дерігін,2017,1,,,
607,Історія,Про тиранію: 20 уроків ХХ століття,Тімоті Снайдер,2022,1,,Човен,
608,Історія/політика,Дикий захід східної Європи,Павло Казарін,2022,1,,Vivat,
609,Українськість,Леся Українка. Драматичні твори (1907-1908). Том 2,Леся Українка,2021,2,,Волинський національний університет імені Лесі Українки,
610,Українськість,Леся Українка. Драматичні твори (1909-1911). Том 3,Леся Українка,2021,3,,Волинський національний університет імені Лесі Українки,
611,Українськість,Леся Українка. Драматичні твори (1912-1913). Том 4,Леся Українка,2021,4,,Волинський національний університет імені Лесі Українки,
612,Українськість,Леся Українка. Поетичні твори. Ліро-епічні твори. Том 5,Леся Українка,2021,5,,Волинський національний університет імені Лесі Українки,
613,Українськість,Леся Українка. Художня проза. 6,Леся Українка,2021,6,,Волинський національний університет імені Лесі Українки,
614,Українськість,Леся Українка. Літературно-критичні та публічистичні статті. Том 7,Леся Українка,2021,7,,Волинський національний університет імені Лесі Українки,
615,Українськість,"Леся Українка. Переклади: поезія, проза, драма, публіцистика. Том 8",Леся Українка,2021,8,,Волинський національний університет імені Лесі Українки,
616,Українськість,"Леся Українка. Записи народної творчості. Пісні, записані з голосу Лесі Українки. Том 9",Леся Українка,2021,9,,Волинський національний університет імені Лесі Українки,
617,Українськість,"Леся Українка. ""Стародавня історія східних народів"". Конспекти. Виписки з книг. Нотатки. Том 10",Леся Українка,2021,10,,Волинський національний університет імені Лесі Українки,
618,Українськість,Леся Українка. Листи (1876-1896). Том 11,Леся Українка,2021,11,,Волинський національний університет імені Лесі Українки,
619,Українськість,Леся Українка. Листи (1897-1901). Том 12,Леся Українка,2021,12,,Волинський національний університет імені Лесі Українки,
620,Українськість,Леся Українка. Листи (1902-1906). Том 13,Леся Українка,2021,13,,Волинський національний університет імені Лесі Українки,
621,Українськість,Леся Українка. Листи (1907-1913). Том 14,Леся Українка,2021,14,,Волинський національний університет імені Лесі Українки,
622,Графічні романи,Інша. Друга чверть. アナザー,Аяцуджі Юкіто,2023,2,,Molfar Comics,
623,Графічні романи,Інша. Третя чверть. アナザー,Аяцуджі Юкіто,2023,3,,Molfar Comics,
624,Графічні романи,Інша. Четверта чверть. アナザー,Аяцуджі Юкіто,2023,4,,Molfar Comics,
625,Українськість,Леся Українка. Листи 1898-1902,Валентина Савчук (упорядниця),2020,2,,Комора,
626,Українськість,Леся Українка. Листи 1903-1913,Валентина Савчук (упорядниця),2020,3,,Комора,